date,temp_mean_c,precipitation_mm,weathercode
2025-01-01,7.4,4.5,63
2025-01-02,2.6,0.0,3
2025-01-03,0.4,0.0,3
2025-01-04,-1.4,0.0,3
2025-01-05,-2.2,0.0,3
2025-01-06,-2.3,1.7,73
2025-01-07,-5.2,0.0,3
2025-01-08,-4.3,0.0,3
2025-01-09,-4.2,0.0,3
2025-01-10,-0.9,0.0,3
2025-01-11,-1.2,2.0,73
2025-01-12,0.6,0.0,3
2025-01-13,1.3,0.0,3
2025-01-14,-1.7,0.0,3
2025-01-15,-3.4,0.0,3
2025-01-16,-3.2,0.3,71
2025-01-17,-0.7,0.0,3
2025-01-18,2.8,2.1,53
2025-01-19,0.7,8.8,75
2025-01-20,-7.1,0.2,71
2025-01-21,-11.4,0.4,71
2025-01-22,-11.8,0.0,3
2025-01-23,-8.6,0.0,3
2025-01-24,-6.3,0.0,3
2025-01-25,-7.0,0.0,3
2025-01-26,-1.0,0.0,3
2025-01-27,-1.3,0.0,3
2025-01-28,0.7,0.0,3
2025-01-29,4.1,0.0,3
2025-01-30,-2.0,0.0,3
2025-01-31,3.6,10.3,61
2025-02-01,0.7,2.4,53
2025-02-02,-4.5,1.2,73
2025-02-03,1.9,0.3,71
2025-02-04,3.6,0.3,51
2025-02-05,-1.4,0.0,3
2025-02-06,1.1,8.5,75
2025-02-07,1.4,0.0,3
2025-02-08,-1.8,7.8,75
2025-02-09,-0.1,6.4,75
2025-02-10,-2.1,0.0,3
2025-02-11,-4.2,1.2,73
2025-02-12,-0.7,4.5,73
2025-02-13,3.4,6.6,71
2025-02-14,-1.1,0.0,3
2025-02-15,-1.0,6.9,73
2025-02-16,3.0,23.1,63
2025-02-17,-1.5,0.0,3
2025-02-18,-5.3,0.0,3
2025-02-19,-5.2,0.0,3
2025-02-20,-4.8,0.9,71
2025-02-21,-3.9,0.0,3
2025-02-22,-2.1,0.0,3
2025-02-23,2.5,0.0,3
2025-02-24,3.4,0.0,3
2025-02-25,7.1,0.0,3
2025-02-26,7.2,0.1,51
2025-02-27,8.5,9.2,63
2025-02-28,6.1,0.0,3
2025-03-01,7.0,0.0,3
2025-03-02,-3.4,0.0,3
2025-03-03,-1.5,0.0,3
2025-03-04,4.8,0.0,3
2025-03-05,9.7,39.2,65
2025-03-06,9.6,2.9,63
2025-03-07,3.8,0.0,3
2025-03-08,3.6,0.0,3
2025-03-09,3.7,0.0,3
2025-03-10,9.5,0.0,2
2025-03-11,9.5,0.0,1
2025-03-12,7.5,0.0,3
2025-03-13,5.7,0.0,3
2025-03-14,6.0,0.0,3
2025-03-15,6.6,0.5,51
2025-03-16,12.7,8.2,63
2025-03-17,11.6,30.9,65
2025-03-18,6.8,0.0,3
2025-03-19,8.1,0.0,3
2025-03-20,7.8,11.4,63
2025-03-21,6.5,7.3,63
2025-03-22,8.3,0.0,3
2025-03-23,3.2,0.0,3
2025-03-24,7.1,13.7,63
2025-03-25,9.3,0.0,3
2025-03-26,6.0,0.3,51
2025-03-27,4.6,0.0,1
2025-03-28,10.1,1.3,55
2025-03-29,16.0,7.3,61
2025-03-30,8.7,0.3,51
2025-03-31,16.6,39.2,65
2025-04-01,8.8,6.6,63
2025-04-02,4.7,0.0,3
2025-04-03,15.2,1.5,53
2025-04-04,17.5,7.2,63
2025-04-05,9.5,1.5,53
2025-04-06,9.9,3.1,61
2025-04-07,6.1,8.5,55
2025-04-08,4.6,0.0,3
2025-04-09,3.3,0.0,1
2025-04-10,5.2,0.7,51
2025-04-11,5.8,11.7,61
2025-04-12,3.9,17.2,73
2025-04-13,8.9,0.0,3
2025-04-14,10.6,0.0,3
2025-04-15,13.4,1.4,61
2025-04-16,7.7,0.0,3
2025-04-17,9.3,0.0,2
2025-04-18,12.0,0.0,3
2025-04-19,21.0,0.1,51
2025-04-20,16.0,0.0,3
2025-04-21,10.6,0.3,51
2025-04-22,18.7,0.1,51
2025-04-23,17.6,0.0,3
2025-04-24,19.5,0.0,3
2025-04-25,19.3,0.0,3
2025-04-26,18.5,13.2,63
2025-04-27,11.8,0.0,3
2025-04-28,16.0,0.0,3
2025-04-29,19.5,0.0,3
2025-04-30,20.4,0.0,3
2025-05-01,15.7,0.0,3
2025-05-02,21.9,0.0,3
2025-05-03,22.7,8.7,63
2025-05-04,17.8,13.6,63
2025-05-05,16.2,12.7,63
2025-05-06,16.3,21.3,65
2025-05-07,17.8,0.3,51
2025-05-08,18.5,0.4,51
2025-05-09,14.3,14.6,63
2025-05-10,15.1,0.0,3
2025-05-11,17.7,0.0,3
2025-05-12,16.2,0.0,3
2025-05-13,17.3,3.9,55
2025-05-14,16.3,26.5,65
2025-05-15,18.4,4.1,63
2025-05-16,18.1,0.9,53
2025-05-17,21.8,2.5,61
2025-05-18,19.1,0.5,51
2025-05-19,15.9,0.0,3
2025-05-20,13.9,0.0,3
2025-05-21,12.2,4.0,53
2025-05-22,10.5,22.8,63
2025-05-23,12.0,3.2,61
2025-05-24,13.2,0.5,51
2025-05-25,14.9,0.0,3
2025-05-26,16.7,0.0,1
2025-05-27,18.6,0.0,3
2025-05-28,15.7,10.6,63
2025-05-29,17.2,2.9,53
2025-05-30,19.1,7.7,61
2025-05-31,16.2,39.4,65
2025-06-01,14.4,0.0,3
2025-06-02,16.1,0.0,3
2025-06-03,19.3,0.0,1
2025-06-04,22.4,0.0,3
2025-06-05,27.4,0.0,3
2025-06-06,26.9,3.5,63
2025-06-07,23.5,3.6,53
2025-06-08,19.9,1.7,53
2025-06-09,18.1,3.1,53
2025-06-10,20.4,17.5,63
2025-06-11,23.7,0.0,3
2025-06-12,27.0,0.3,51
2025-06-13,24.3,0.0,3
2025-06-14,18.4,5.3,61
2025-06-15,17.0,5.4,61
2025-06-16,18.0,3.0,55
2025-06-17,19.0,5.2,61
2025-06-18,21.9,11.6,63
2025-06-19,25.9,4.7,61
2025-06-20,23.9,0.3,51
2025-06-21,26.8,0.0,3
2025-06-22,28.9,0.3,51
2025-06-23,32.8,0.0,3
2025-06-24,34.8,0.0,2
2025-06-25,33.5,0.3,51
2025-06-26,26.0,0.3,51
2025-06-27,20.2,7.4,63
2025-06-28,24.3,0.7,51
2025-06-29,28.4,0.0,3
2025-06-30,28.6,0.7,51
2025-07-01,27.2,8.2,63
2025-07-02,25.4,2.7,53
2025-07-03,25.9,0.2,51
2025-07-04,23.9,0.0,0
2025-07-05,25.9,0.0,3
2025-07-06,28.2,0.0,3
2025-07-07,27.5,4.1,61
2025-07-08,28.3,15.6,65
2025-07-09,27.5,1.6,61
2025-07-10,24.6,18.6,63
2025-07-11,25.1,0.2,51
2025-07-12,25.5,0.2,51
2025-07-13,25.7,0.2,51
2025-07-14,26.0,17.5,63
2025-07-15,25.7,2.7,53
2025-07-16,26.8,2.2,53
2025-07-17,28.2,1.9,61
2025-07-18,26.2,0.0,3
2025-07-19,24.9,0.0,3
2025-07-20,27.9,4.1,61
2025-07-21,26.9,0.0,2
2025-07-22,23.8,0.0,3
2025-07-23,24.3,0.0,3
2025-07-24,26.3,0.0,3
2025-07-25,29.5,5.4,63
2025-07-26,26.4,0.0,3
2025-07-27,25.5,9.8,63
2025-07-28,29.8,0.0,0
2025-07-29,32.1,0.0,3
2025-07-30,31.0,8.4,65
2025-07-31,26.3,7.8,63
2025-08-01,20.1,1.3,51
2025-08-02,21.1,0.0,3
2025-08-03,22.2,0.0,2
2025-08-04,24.5,0.0,3
2025-08-05,24.9,0.0,3
2025-08-06,23.7,0.8,51
2025-08-07,23.0,0.1,51
2025-08-08,22.3,0.0,1
2025-08-09,23.3,0.0,2
2025-08-10,25.7,0.0,3
2025-08-11,26.3,0.0,3
2025-08-12,26.9,0.0,3
2025-08-13,27.1,9.2,63
2025-08-14,26.4,1.0,53
2025-08-15,26.5,0.0,2
2025-08-16,25.7,4.9,63
2025-08-17,27.2,3.4,61
2025-08-18,21.3,0.2,51
2025-08-19,20.9,0.0,3
2025-08-20,19.9,2.6,53
2025-08-21,18.3,0.0,3
2025-08-22,20.9,0.0,0
2025-08-23,22.0,0.0,3
2025-08-24,22.1,0.2,51
2025-08-25,24.9,0.0,3
2025-08-26,22.9,0.0,3
2025-08-27,20.7,0.1,51
2025-08-28,21.4,0.0,3
2025-08-29,22.4,0.0,3
2025-08-30,20.2,0.0,2
2025-08-31,20.9,0.0,3
2025-09-01,21.6,0.0,3
2025-09-02,21.0,0.0,3
2025-09-03,20.5,0.0,1
2025-09-04,20.9,4.2,55
2025-09-05,23.4,5.1,61
2025-09-06,23.7,20.4,65
2025-09-07,18.4,17.8,63
2025-09-08,17.6,0.0,3
2025-09-09,17.6,0.0,3
2025-09-10,17.8,5.0,61
2025-09-11,21.1,0.0,3
2025-09-12,21.0,0.0,3
2025-09-13,20.7,0.7,53
2025-09-14,22.4,0.5,51
2025-09-15,22.3,0.0,3
2025-09-16,20.4,0.0,3
2025-09-17,19.2,6.8,63
2025-09-18,22.2,0.1,51
2025-09-19,22.6,0.0,1
2025-09-20,18.9,0.0,3
2025-09-21,17.3,0.0,3
2025-09-22,17.4,0.0,3
2025-09-23,22.6,6.6,63
2025-09-24,21.9,3.0,53
2025-09-25,22.0,48.6,65
2025-09-26,22.3,0.0,3
2025-09-27,20.7,0.1,51
2025-09-28,22.4,0.6,53
2025-09-29,20.6,0.0,3
2025-09-30,20.5,0.0,3
2025-10-01,16.3,0.0,3
2025-10-02,14.2,0.0,3
2025-10-03,15.5,0.0,3
2025-10-04,19.5,0.0,3
2025-10-05,21.4,0.0,2
2025-10-06,20.3,0.0,2
2025-10-07,21.9,0.0,3
2025-10-08,19.2,5.4,61
2025-10-09,12.1,0.0,0
2025-10-10,10.9,0.0,3
2025-10-11,14.3,1.4,53
2025-10-12,14.9,13.9,61
2025-10-13,13.7,33.2,63
2025-10-14,13.9,0.1,51
2025-10-15,15.5,0.0,3
2025-10-16,10.8,0.0,0
2025-10-17,11.2,0.0,3
2025-10-18,12.0,0.0,3
2025-10-19,15.9,0.0,3
2025-10-20,15.8,10.2,63
2025-10-21,13.5,0.1,51
2025-10-22,13.7,1.5,53
2025-10-23,11.4,0.1,51
2025-10-24,10.2,0.0,2
2025-10-25,10.3,0.0,3
2025-10-26,10.3,0.1,51
2025-10-27,8.0,0.0,1
2025-10-28,8.7,0.0,3
2025-10-29,10.4,0.1,51
2025-10-30,13.8,44.4,65
2025-10-31,11.9,0.0,3
2025-11-01,10.3,0.0,3
2025-11-02,8.9,0.0,3
2025-11-03,10.1,0.1,51
2025-11-04,10.9,0.0,2
2025-11-05,11.1,0.0,3
2025-11-06,9.5,1.6,61
2025-11-07,8.7,0.0,3
2025-11-08,14.2,4.8,55
2025-11-09,12.8,0.2,51
2025-11-10,10.1,11.9,63
2025-11-11,2.4,0.5,71
2025-11-12,5.5,0.0,3
2025-11-13,7.3,1.8,55
2025-11-14,6.3,0.0,3
2025-11-15,5.8,0.8,53
2025-11-16,9.6,0.2,51
2025-11-17,4.0,0.0,3
2025-11-18,4.5,0.0,3
2025-11-19,4.8,4.6,73
2025-11-20,3.2,0.0,3
2025-11-21,6.9,0.0,3
2025-11-22,7.9,5.1,61
2025-11-23,3.8,0.0,3
2025-11-24,6.8,0.0,3
2025-11-25,7.7,10.2,63
2025-11-26,13.2,4.6,63
2025-11-27,5.6,0.0,3
2025-11-28,2.5,0.0,2
2025-11-29,1.8,0.0,3
2025-11-30,2.8,3.3,53
2025-12-01,3.2,0.0,3
2025-12-02,0.8,17.2,71
2025-12-03,1.2,0.0,3
2025-12-04,0.6,0.1,71
2025-12-05,-3.5,0.0,3
2025-12-06,0.5,0.4,71
2025-12-07,1.5,0.0,3
2025-12-08,-1.8,0.0,3
2025-12-09,-3.9,0.0,3
2025-12-10,2.5,3.1,55
2025-12-11,0.8,0.0,3
2025-12-12,-1.9,0.0,0
2025-12-13,-0.7,0.8,73
2025-12-14,-2.6,11.7,75
2025-12-15,-6.2,0.0,3
2025-12-16,-5.6,0.0,3
2025-12-17,-0.6,0.0,3
2025-12-18,1.6,0.0,3
2025-12-19,9.0,26.2,63
2025-12-20,-0.1,0.0,3
2025-12-21,2.4,0.0,3
2025-12-22,-0.6,0.0,3
2025-12-23,1.4,2.9,73
2025-12-24,3.4,0.0,3
2025-12-25,2.0,0.0,3
2025-12-26,-4.1,7.4,75
2025-12-27,-3.6,5.3,75
2025-12-28,-5.8,0.9,51
2025-12-29,3.5,3.9,55
2025-12-30,-1.3,0.0,3
2025-12-31,-2.2,0.0,3
